coin,symbol,price,chain,1h,24h,24hVolume,fdv,numOfHolders,holderChange,lastAdded,url
GalaxyGoggle DAO,GG,$99.93,Avalanche,0.5123468875061349,16.58383555900952,"$8,606,792","$6,653,690",-,-,11 days,https://www.coingecko.com//en/coins/galaxygoogle-dao
Kanga Exchange,KNG,$9.84,ethereum,-0.059437018774472536,5.55869451723893,"$109,250","$206,639,715",-,-,7 days,https://www.coingecko.com//en/coins/kanga-exchange
Index Coop - ETH 2x Flexible Leverage Index (Polygon),ETH2X-FLI-P,$87.56,Polygon POS,3.55790173878424,-6.625464597126858,"$33,113.72",?,-,-,7 days,https://www.coingecko.com//en/coins/index-coop-eth-2x-flexible-leverage-index-polygon
Umami Finance,UMAMI,$85.01,Arbitrum One,-0.27398917199903383,-0.5216531830667085,"$417,676",?,-,-,8 days,https://www.coingecko.com//en/coins/umami-finance
Bitcoin BR,BTCBR,$8.20,Binance Smart Chain,-0.03709955849317709,293.0274515996469,$869.05,?,-,-,6 days,https://www.coingecko.com//en/coins/bitcoin-br
Surviving Soldiers,SSG,$6.90,Binance Smart Chain,1.8147947405036415,3.2196467590139686,"$13,622,586",?,-,-,11 days,https://www.coingecko.com//en/coins/surviving-soldiers
Bent Finance,BENT,$6.30,ethereum,-0.7073144670223547,-8.879668663223713,"$173,294","$630,141,276",-,-,3 days,https://www.coingecko.com//en/coins/bent-finance
Turtles Token,TRTLS,$6.09,Solana,2.7744575158760796,-6.790301383576165,"$46,267.48",?,-,-,10 days,https://www.coingecko.com//en/coins/turtles-token
Waves Exchange,WX,$6.06,Waves,-1.0172729654093737,-15.651613282583396,"$649,003","$6,058,575,417",-,-,3 days,https://www.coingecko.com//en/coins/waves-exchange
Biconomy,BICO,$6.03,ethereum,-0.36172431083638074,4.558456473088887,"$218,797,714","$6,032,530,137",-,-,9 days,https://www.coingecko.com//en/coins/biconomy
Crypto Development Services,CDS,$6.02,Binance Smart Chain,0.3019244757944674,-2.7122815715384836,"$9,562.47",?,-,-,2 days,https://www.coingecko.com//en/coins/crypto-development-services
Rome,ROME,$555.67,Moonriver,-0.2554405323747355,-14.350134750337585,"$6,437,335",?,-,-,9 days,https://www.coingecko.com//en/coins/rome
Fenix Danjon,DJN,$55.62,Solana,0.22850203450061635,-13.485589370706636,"$2,995.19",?,-,-,8 days,https://www.coingecko.com//en/coins/fenix-danjon
Templar DAO,TEM,$536.77,Binance Smart Chain,6.292617581918224,33.7263338837156,"$393,637",?,-,-,11 days,https://www.coingecko.com//en/coins/templar-dao
Santos FC Fan Token,SANTOS,$5.42,Binance Smart Chain,8.426055727787261,10.348264333978852,"$30,360,171",?,-,-,8 days,https://www.coingecko.com//en/coins/santos-fc-fan-token
KingPad,CROWN,$5.11,Binance Smart Chain,1.2056507721182057,-8.22847051798859,"$320,781",?,-,-,7 days,https://www.coingecko.com//en/coins/kingpad
Diamond XRPL,DIAMOND,$485.97,XRP Ledger,0.020439594725101363,-18.37187836753527,"$100,551",?,-,-,9 days,https://www.coingecko.com//en/coins/diamond-xrpl
Manifest,MNFST,$47.89,ethereum,-4.118336694301547,-5.117143172915937,"$34,564.81","$2,680,998",-,-,10 days,https://www.coingecko.com//en/coins/manifest
Mirrored SPDR S&P 500,MSPY,$468.87,,-0.31598069860739764,-0.46537655184494575,"$276,247",?,-,-,9 days,https://www.coingecko.com//en/coins/mirrored-spdr-s-p-500
CheeseDAO,CHEEZ,$46.17,Harmony Shard 0,-0.10854513402716731,-4.5324792477279825,"$985,902",?,-,-,8 days,https://www.coingecko.com//en/coins/cheesedao
Wrapped BCH,WBCH,$456.57,,0.6943888497190128,-1.1962595527340505,"$414,752",?,-,-,15 hours,https://www.coingecko.com//en/coins/wrapped-bch
Staked Klima,SKLIMA,$436.95,Polygon POS,-3.497426750876652,-21.58973682892105,"$5,750.59",?,-,-,10 days,https://www.coingecko.com//en/coins/staked-klima
Bomb Money,BOMB,$4.79,Binance Smart Chain,0.09876889996941385,0.09876889996941385,"$5,641,336",?,1561,2.23%,35 minutes,https://www.coingecko.com//en/coins/bomb-money
Integritee,TEER,$4.68,,-0.24605985487951895,-7.264843982417133,"$35,393.04","$46,757,916",-,-,9 days,https://www.coingecko.com//en/coins/integritee
Smart Token,SMART,$4.46,Fantom,0.5802437557570373,-9.649675213957591,$907.18,"$446,969",-,-,10 days,https://www.coingecko.com//en/coins/smart-token
Anchor bETH Token,BETH,"$4,054.75",Terra,487.75227740805826,-7.072166189795244,"$11,430,854",?,-,-,10 days,https://www.coingecko.com//en/coins/anchor-beth-token
MetaversePRO,META,$371.42,Binance Smart Chain,-3.4935588349705573,17.12407696044084,"$10,487,815","$371,527,155",-,-,23 hours,https://www.coingecko.com//en/coins/metaversepro
Vibranium,VBN,$35.57,Binance Smart Chain,0.7780546209820544,-3.524148264393063,"$481,193","$64,040,872",-,-,3 days,https://www.coingecko.com//en/coins/vibranium
CrimeGold,CGOLD,"$345,096",Binance Smart Chain,0.2875897971482103,34.682991827252515,"$354,360","$34,683,747,935",-,-,2 days,https://www.coingecko.com//en/coins/crimegold
Dragon Knight,DK,$34.98,Binance Smart Chain,-0.23210673367478302,-2.77142075969052,"$23,488.24","$24,317,102",-,-,2 days,https://www.coingecko.com//en/coins/dragon-knight
Trick,TRICK,$32.18,Fantom,3.4710975470544856,-47.01120271745254,"$164,524","$49,475.65",-,-,7 days,https://www.coingecko.com//en/coins/trick
HeroFi Token,ROFI,$3.34,Binance Smart Chain,-1.2439740226219456,-8.38293621305788,"$210,623",?,-,-,2 days,https://www.coingecko.com//en/coins/herofi-token
Dawn Wars,DW,$3.17,Binance Smart Chain,1.2284290147036887,-0.7566082918652939,"$123,400","$31,686,544",-,-,6 days,https://www.coingecko.com//en/coins/dawn-wars
Ice Dao,ICE,$29.48,Avalanche,-0.6909546524245352,-11.42742198310282,"$738,100",?,-,-,21 hours,https://www.coingecko.com//en/coins/ice-dao
Mirror mDOT Token,MDOT,$29.22,Terra,0.10993357453336644,-6.575151917059382,"$455,967",?,-,-,10 days,https://www.coingecko.com//en/coins/mirror-mdot-token
Thor,THOR,$285.39,Avalanche,7.835399709492054,-18.243205285287246,"$1,776,606","$5,838,124,208",-,-,1 day,https://www.coingecko.com//en/coins/thor
Mirrored Coinbase,MCOIN,$284.18,,-0.13217398501886315,-5.9921902359301935,"$130,705",?,-,-,9 days,https://www.coingecko.com//en/coins/mirrored-coinbase
Drip Network,DRIP,$28.27,Binance Smart Chain,-1.2365104918516037,4.610589967492965,"$29,577.42","$28,435,981",-,-,1 day,https://www.coingecko.com//en/coins/drip-network
IceFlake Finance,FLAKE,$26.67,Avalanche,-3.6046242865378866,-61.76150365098846,"$162,044","$16,004.50",-,-,3 days,https://www.coingecko.com//en/coins/iceflake-finance
Honey Deluxe,HONEYD,$26.26,ethereum,-1.6589454719973553,-15.611868407155763,"$102,756",?,-,-,8 days,https://www.coingecko.com//en/coins/honey-deluxe
GizaDao,GIZA,$25.99,Fantom,1.4783323645447461,-26.55069990083933,"$1,047,177","$2,548,178",-,-,8 days,https://www.coingecko.com//en/coins/gizadao
MeebitsDAO Pool,MBBT,$23.82,ethereum,1.0986904438673293,-15.077512001200228,"$88,773.13","$2,381,596",-,-,11 days,https://www.coingecko.com//en/coins/meebitsdao-pool
RaDAO,RA,$23.81,Binance Smart Chain,-5.435460792630804,-25.944889971953305,"$1,934,385","$328,819",-,-,10 days,https://www.coingecko.com//en/coins/radao
Mirrored Robinhood Markets,MHOOD,$23.41,,0.08590627694102719,-3.4186665692621596,"$81,311.70",?,-,-,9 days,https://www.coingecko.com//en/coins/mirrored-robinhood-markets
xSuter,XSUTER,$224.51,Binance Smart Chain,-0.17931396787209397,-5.91343482847684,"$1,369.80","$7,187,190",-,-,7 days,https://www.coingecko.com//en/coins/xsuter
StaFi rATOM,RATOM,$22.11,ethereum,1.2618036155358094,-4.789818846974444,"$2,800.41",?,-,-,9 days,https://www.coingecko.com//en/coins/stafi-ratom
Governance OHM,GOHM,"$22,130.92",ethereum,1.0274239789492152,-2.094469508841711,$118.91,?,-,-,9 days,https://www.coingecko.com//en/coins/governance-ohm
Mirrored Galaxy Digital Holdings Ltd,MGLXY,$20.11,Terra,0.020723475677144075,-4.522548370273614,"$88,405.47",?,-,-,9 days,https://www.coingecko.com//en/coins/mirrored-galaxy-digital-holdings-ltd
KRAUSE,$KRAUSE,$2.91,ethereum,-2.979303515949807,3.578617075604748,"$59,006.47",?,-,-,10 days,https://www.coingecko.com//en/coins/krause
ChargeDeFi Static,STATIC,$2.85,Binance Smart Chain,3.3005272162082275,3.3005272162082275,"$5,583,990","$4,997,388",1384,2.06%,39 minutes,https://www.coingecko.com//en/coins/chargedefi-static
Infam,INF,$2.51,Binance Smart Chain,0.15658350120924086,-1.1435919755908825,"$49,069.39",?,-,-,7 days,https://www.coingecko.com//en/coins/infam
Colony,CLY,$2.12,Avalanche,1.6055513042441405,9.239218190667735,"$9,664,032","$317,645,924",-,-,21 hours,https://www.coingecko.com//en/coins/colony
Mirrored Square,MSQ,$199.97,,-0.2129805871221981,-3.2537077342446463,"$92,771.64",?,-,-,9 days,https://www.coingecko.com//en/coins/mirrored-square
Vikings Finance,VAL,$19.91,Avalanche,-3.115772525933037,-13.797493122099718,"$196,863","$1,906,429,694,387,916",-,-,4 days,https://www.coingecko.com//en/coins/vikings-finance
Life DAO,LF,$178.06,Avalanche,3.347971469025894,20.3455762287554,"$2,363,002","$2,249,934",-,-,11 days,https://www.coingecko.com//en/coins/life-dao
MidasDAO,CROWN,$154.83,Avalanche,2.5478656309817143,24.971366173764647,"$1,024,741","$154,831,446",-,-,4 days,https://www.coingecko.com//en/coins/midasdao
Mirror mAMD Token,MAMD,$141.76,Terra,-0.21319461716523325,-3.217601636327134,"$75,050.89",?,-,-,10 days,https://www.coingecko.com//en/coins/mirror-mamd-token
Tempo DAO,TEMPO,$14.61,Avalanche,2.451409548631097,-48.126207630928114,"$579,135","$1,460,733",-,-,10 days,https://www.coingecko.com//en/coins/tempo-dao
Tornadao,NADO,$120.11,Avalanche,3.1314925490425334,-43.67608111451478,"$340,268","$842,782",-,-,10 days,https://www.coingecko.com//en/coins/tornadao
PAPA DAO,PAPA,$12.90,Avalanche,-6.698680609694299,-26.877460238414997,"$3,270,004","$2,877,092",-,-,9 days,https://www.coingecko.com//en/coins/papa-dao
Vagabond,VGO,$108.61,XRP Ledger,0.8233701885774816,65.98546108244369,"$1,240.53","$10,860,785,706",-,-,4 days,https://www.coingecko.com//en/coins/vagabond
Metagame Arena,MGA,$1.87,Binance Smart Chain,0.04877612934539009,2.705951345198656,"$122,049","$56,151,279",-,-,12 days,https://www.coingecko.com//en/coins/metagame-arena
BACON,BACON,$1.75,Solana,-0.4916113290088088,13.784088885490958,"$3,477.30",?,-,-,4 days,https://www.coingecko.com//en/coins/bacon
Born To Race,BRT,$1.65,Binance Smart Chain,0.7926865369423842,-1.3438549353467095,"$27,800.91",?,-,-,10 days,https://www.coingecko.com//en/coins/born-to-race
Kardia Info,INFO,$1.64,KardiaChain,5.597787434066127,3.990701094332289,"$146,228","$1,574,080",-,-,9 days,https://www.coingecko.com//en/coins/kardia-info
Autobusd,ABS,$1.63,Binance Smart Chain,-10.227446676788766,81.03050018212255,"$22,640.42","$3,269,069",-,-,10 days,https://www.coingecko.com//en/coins/autobusd
Small Fish Cookie,SFC,$1.44,Binance Smart Chain,-1.3721223196450199,-6.437666250733097,"$2,325,774","$2,352,461",-,-,7 days,https://www.coingecko.com//en/coins/small-fish-cookie
Enigma DAO,GMA,$1.42,Avalanche,-0.2940102728416243,-3.9987948462660317,"$1,805.98",?,-,-,9 days,https://www.coingecko.com//en/coins/enigma-dao
BuffaloSwap HORN,HORN,$1.32,Binance Smart Chain,0.3452425453884458,-0.16593488812001736,"$8,188.12","$1,318,938",-,-,4 days,https://www.coingecko.com//en/coins/buffaloswap-horn
Royal Gold,RGOLD,$1.31,Binance Smart Chain,-3.9617519523297062,12.099571421088312,"$1,367,588","$6,534,866",-,-,1 day,https://www.coingecko.com//en/coins/royal-gold
CronaSwap,CRONA,$1.19,Cronos,1.154879757974377,2.3858170659798104,$215.66,?,-,-,9 days,https://www.coingecko.com//en/coins/cronaswap
AnchorUST,AUST,$1.15,Terra,-0.1623375679538813,-0.3971511567626546,"$72,932.80",?,-,-,9 days,https://www.coingecko.com//en/coins/anchorust
Avaware USD,AUSD,$1.01,Avalanche,0.6563182061932105,-2.814404341933524,"$49,352.88","$308,483",-,-,1 day,https://www.coingecko.com//en/coins/avaware-usd
TerraUSD (Wormhole),UST,$1.00,ethereum,-0.6161196425375811,-0.33751268148893465,"$346,766",?,-,-,8 days,https://www.coingecko.com//en/coins/terrausd-wormhole
ChargeDeFi Charge,CHARGE,"$1,415.40",Binance Smart Chain,4.250279439294584,4.250279439294584,"$6,560,516",?,1403,1.23%,36 minutes,https://www.coingecko.com//en/coins/chargedefi-charge
Sipher,SIPHER,$0.951040,ethereum,2.2640118228585053,-34.434140853184005,"$12,146,202",?,-,-,9 days,https://www.coingecko.com//en/coins/sipher
PolygonumOnline,POG,$0.944577,,-0.026045221464588982,-6.519264195469335,"$81,511.63",?,-,-,10 days,https://www.coingecko.com//en/coins/polygonumonline
Harmony Parrot Egg,1PEGG,$0.937136,Harmony Shard 0,0.3533147164886091,-19.31265543800351,"$68,384.69",?,-,-,8 days,https://www.coingecko.com//en/coins/harmony-parrot-egg
Passive Token,PASSIVE,$0.904773,Binance Smart Chain,0.28943219842911844,-11.62641596243477,"$13,565.62","$808,086",-,-,4 days,https://www.coingecko.com//en/coins/passive-token
Family,FAM,$0.904763,Harmony Shard 0,-0.01657254047776737,-4.658740673120305,$361.94,?,-,-,7 days,https://www.coingecko.com//en/coins/family
yfu.finance,YFU,$0.895714,ethereum,1.0160182883196265,1.0160182883196265,"$1,221.64",?,391,0.00%,10 hours,https://www.coingecko.com//en/coins/yfu-finance
Rikkei Finance,RIFI,$0.822725,ethereum,-2.0914965206353324,-0.619481977158909,"$10,351,329",?,-,-,2 days,https://www.coingecko.com//en/coins/rikkei-finance
KaraStar UMY,UMY,$0.809614,Binance Smart Chain,0.6957689316733543,-2.526578580397661,"$566,542",?,-,-,6 days,https://www.coingecko.com//en/coins/karastar-umy
Heroes TD,HTD,$0.783512,Binance Smart Chain,-0.27696917966082457,-16.858048406511152,"$3,313,365","$364,077,610",-,-,11 days,https://www.coingecko.com//en/coins/heroes-td
Gunstar Metaverse,GST,$0.769689,Binance Smart Chain,-0.6973553824435987,-5.59562454083585,"$795,548","$307,887,326",-,-,9 days,https://www.coingecko.com//en/coins/gunstar-metaverse
Propel Token,PEL,$0.724484,,-0.3988673261139027,-2.2857633435445504,"$2,288,289",?,-,-,3 days,https://www.coingecko.com//en/coins/propel-token
Instrumental Finance,STRM,$0.675111,ethereum,-0.07500538379299548,-0.07500538379299548,"$216,520","$67,561,763",420,1.45%,26 minutes,https://www.coingecko.com//en/coins/instrumental-finance
DePocket,DEPO,$0.627222,Binance Smart Chain,0.3026357254910112,3.524751114865838,"$9,091.42","$13,174,670",-,-,9 days,https://www.coingecko.com//en/coins/depocket
Operon Origins,ORO,$0.583626,Binance Smart Chain,2.3314538444244066,-3.859424605852227,"$384,299","$58,362,595",-,-,11 days,https://www.coingecko.com//en/coins/operon-origins
LUCA,LUCA,$0.532014,Binance Smart Chain,-0.0843824888157739,0.13339604464811597,"$20,556.40","$10,641,548",-,-,3 days,https://www.coingecko.com//en/coins/luca
Zodium,ZODI,$0.520249,Binance Smart Chain,0.7591439204141266,16.25658929706498,"$1,425,710",?,-,-,7 days,https://www.coingecko.com//en/coins/zodium
MooMonster,MOO,$0.505475,Binance Smart Chain,-0.2270801937082166,-1.7978263841726165,"$54,809.03",?,-,-,7 days,https://www.coingecko.com//en/coins/moomonster
PlayTreks,TREKS,$0.499891,ethereum,-0.2333761639423951,-0.357237226456474,"$17,687.53","$5,017,840",-,-,16 hours,https://www.coingecko.com//en/coins/playtreks
Victoria VR,VR,$0.493487,ethereum,2.354483974655024,32.2973603405032,"$54,177,063",?,-,-,7 days,https://www.coingecko.com//en/coins/victoria-vr
INS3,INS3,$0.469428,Binance Smart Chain,-1.014094961137261,-44.84157121055596,"$320,237","$4,694,279",303,-0.66%,10 hours,https://www.coingecko.com//en/coins/ins3
WapSwap Finance,WAP,$0.463454,Binance Smart Chain,0.7351529018973203,-5.570829369052313,$898.76,"$878,855",-,-,9 days,https://www.coingecko.com//en/coins/wapswap-finance
Peoplez,LEZ,$0.433077,Binance Smart Chain,0.7237010271085407,-9.769332402405698,"$13,714.72","$7,795,646",-,-,7 days,https://www.coingecko.com//en/coins/peoplez
Atlantis Metaverse,TAU,$0.422479,Binance Smart Chain,4.249631602432207,6.310372136337944,"$3,208,687","$84,495,790",9841,0.32%,13 hours,https://www.coingecko.com//en/coins/atlantis-metaverse
BlockchainSpace,GUILD,$0.400140,ethereum,-56.16986925435683,-64.02990676071082,"$8,637.56","$400,140,173",-,-,3 days,https://www.coingecko.com//en/coins/blockchainspace
Decentral Games Governance,XDG,$0.385072,ethereum,0.9487073057059194,-9.398616432758894,"$58,838.33",?,-,-,7 days,https://www.coingecko.com//en/coins/decentral-games-governance
Decentral Games,DG,$0.371308,ethereum,0.3223835780932112,-10.920118827707785,"$872,742","$371,307,763",-,-,8 days,https://www.coingecko.com//en/coins/decentral-games
CryptoDiceHero,HRO,$0.365913,Binance Smart Chain,-1.4631484943734265,38.149161045734644,"$1,893,286","$36,606,955",-,-,11 days,https://www.coingecko.com//en/coins/cryptodicehero
Blockasset,BLOCK,$0.341926,Solana,1.7562908157149848,-63.985201865079446,"$720,325",?,-,-,1 day,https://www.coingecko.com//en/coins/blockasset
Zenith Chain,ZENITH,$0.309288,Binance Smart Chain,-3.6896712207748936,11.991913549393379,"$206,150","$3,092,884",-,-,3 days,https://www.coingecko.com//en/coins/zenith-chain
PathDAO,PATH,$0.300510,ethereum,4.512666131212392,-12.594597228303906,"$1,291,991","$300,509,604",-,-,5 days,https://www.coingecko.com//en/coins/pathdao
GOGOcoin,GOGO,$0.300192,Polygon POS,-0.4427595004965243,-48.67412836069892,"$2,070.38",?,-,-,1 day,https://www.coingecko.com//en/coins/gogocoin
WagmiDAO,GMI,$0.254149,Harmony Shard 0,-1.775026780075661,-24.147956451814974,"$1,573.93","$127,074,359",-,-,10 days,https://www.coingecko.com//en/coins/wagmidao
TabTrader,TTT,$0.253057,Solana,0.4822154531700841,-4.803585284725668,"$754,584","$253,057,073",-,-,10 days,https://www.coingecko.com//en/coins/tabtrader
SafeDogecoin,SAFEDOGE,$0.246107,Binance Smart Chain,-4.910195621991848,-2.121191935854363,"$4,931.23",?,-,-,1 day,https://www.coingecko.com//en/coins/safedogecoin
Thetan Coin,THC,$0.237278,Binance Smart Chain,1.4005915597161924,-15.615156833911003,"$3,554,892","$4,747,131",-,-,11 days,https://www.coingecko.com//en/coins/thetan-coin
WidiLand,WIDI,$0.233684,Binance Smart Chain,21.161598533275278,10.394440387912848,"$124,445",?,-,-,8 days,https://www.coingecko.com//en/coins/widiland
Aimedis,AIMX,$0.230824,Binance Smart Chain,-3.53543844945619,-5.5391403731758215,"$507,591","$138,494,547",-,-,2 days,https://www.coingecko.com//en/coins/aimedis
BuffSwap,BUFFS,$0.214099,Binance Smart Chain,1.2717999215985558,-3.9005187510150003,"$3,369.35","$21,409,859",-,-,7 days,https://www.coingecko.com//en/coins/buffswap
MINE Network,MNET,$0.211848,,1.8030043777950109,-20.446119927035415,"$2,816,751",?,-,-,9 days,https://www.coingecko.com//en/coins/mine-network
ForthBox,FBX,$0.211445,Binance Smart Chain,0.17605324435826186,-5.934124616174365,"$161,626","$211,413,384",-,-,9 days,https://www.coingecko.com//en/coins/forthbox
Spintop,SPIN,$0.210561,Binance Smart Chain,2.4074461311275814,-15.425699726755473,"$907,652","$210,561,645",-,-,6 days,https://www.coingecko.com//en/coins/spintop
Fintropy,FINT,$0.206429,ethereum,-2.0867332320918255,-4.5940179775565575,"$73,354.08","$6,192,870",-,-,4 days,https://www.coingecko.com//en/coins/fintropy
LOT.TRADE,LOTT,$0.202605,Binance Smart Chain,0.3814027709514692,3.6653373390066295,"$95,376.56","$20,299,560",-,-,9 days,https://www.coingecko.com//en/coins/lot-trade
CorgiSwap,CORIS,$0.198140,Binance Smart Chain,-6.197733820396696,-17.949870930327737,"$148,656",?,-,-,1 day,https://www.coingecko.com//en/coins/corgiswap
Wicrypt,WNT,$0.187747,Polygon POS,-0.5035042763874471,-10.134655102665553,"$177,339","$37,549,430",-,-,4 days,https://www.coingecko.com//en/coins/wicrypt
Diamond Whitex,DWHX,$0.176241,Binance Smart Chain,0.8253294383414468,0.9733909778024928,"$16,737.17","$1,762,410",-,-,1 day,https://www.coingecko.com//en/coins/diamond-whitex
Lemonn,LMN,$0.169286,Binance Smart Chain,0.5445020287005218,-5.364414129529657,"$6,044.32","$1,693,060",-,-,10 days,https://www.coingecko.com//en/coins/lemonn
Rooster Battle,RICE,$0.167105,Binance Smart Chain,1.439392663324009,20.5402157158216,"$894,999","$50,131,591",-,-,11 days,https://www.coingecko.com//en/coins/rooster-battle
Natural Farm Union Protocol,NFUP,$0.161467,ethereum,1.141477376819673,6.415580066776416,"$2,309,337","$161,467,235",-,-,10 days,https://www.coingecko.com//en/coins/natural-farm-union-protocol
ShopNEXT,NEXT,$0.158228,,-0.35580518107334175,-11.370347564332832,"$219,153","$158,228,412",-,-,9 days,https://www.coingecko.com//en/coins/shopnext
Monster Adventure Token,MAT,$0.154297,Binance Smart Chain,1.576775275016451,-18.535663656540326,"$569,270","$1,543,413",-,-,4 days,https://www.coingecko.com//en/coins/monster-adventure-token
Sportium,SPRT,$0.141407,Binance Smart Chain,-1.9489169596538358,18.005039304288143,"$1,598,089",?,-,-,11 days,https://www.coingecko.com//en/coins/sportium
Luxy,LUXY,$0.138576,Polygon POS,-0.37017063875310796,-0.4225264299196467,"$34,633.26","$13,857,595",-,-,8 days,https://www.coingecko.com//en/coins/luxy
KingSpeed,KSC,$0.138329,Binance Smart Chain,-0.337541999873883,-10.134129597626558,"$59,938.69","$27,859,121",-,-,4 days,https://www.coingecko.com//en/coins/kingspeed
SuperPlayer World,HONOR,$0.134735,Binance Smart Chain,-0.33276234338651456,-2.620903893530607,"$216,666","$80,868,067",-,-,9 days,https://www.coingecko.com//en/coins/superplayer-world
Kryxivia Game,KXA,$0.132756,Binance Smart Chain,0.6650433033148501,19.034969711876446,"$2,259,979","$33,137,314",-,-,4 days,https://www.coingecko.com//en/coins/kryxivia-game
bePAY Finance,BECOIN,$0.132421,ethereum,0.8685198304059498,6.977252546366876,"$10,397.82","$132,436,613",-,-,3 days,https://www.coingecko.com//en/coins/bepay-finance
NuNet,NTX,$0.130740,ethereum,2.7675377060678703,3.437153485702323,"$140,470","$82,529,639",-,-,11 days,https://www.coingecko.com//en/coins/nunet
Plastiks,PLASTIK,$0.126277,Binance Smart Chain,-1.0704963667548753,-24.994944667567697,"$134,957",?,-,-,6 days,https://www.coingecko.com//en/coins/plastiks
Metapay,MPAY,$0.123435,Binance Smart Chain,1.1723086308742583,3.6232679888851553,"$96,928.28","$1,234,347",-,-,10 days,https://www.coingecko.com//en/coins/metapay
Run,RUN,$0.121337,Solana,1.2121465669135698,-8.70684101152656,"$439,953","$120,895,403",-,-,16 hours,https://www.coingecko.com//en/coins/run
Brainiac,BRAINS,$0.116443,ethereum,0.5428858177212856,9.014542187629848,"$927,121","$3,628,452",-,-,23 hours,https://www.coingecko.com//en/coins/brainiac
Beast Masters,MASTER,$0.115672,Binance Smart Chain,5.918534427973978,-30.414217811529383,"$9,340,200","$34,701,638",-,-,21 hours,https://www.coingecko.com//en/coins/beast-masters
Credefi,CREDI,$0.114918,,-1.1968170458175547,-63.83191776735746,"$7,789,969",?,-,-,13 hours,https://www.coingecko.com//en/coins/credefi
ArcadeNetwork,ARC,$0.113575,Binance Smart Chain,-0.5941018468257098,-3.7476603032784808,"$180,055","$24,726,602",-,-,3 days,https://www.coingecko.com//en/coins/arcadenetwork
Vigorus,VIS,$0.107833,Polygon POS,-12.931468930539847,-30.289194048951668,"$682,272",?,-,-,4 days,https://www.coingecko.com//en/coins/vigorus
Liquid ICP,LICP,$0.102958,Polygon POS,-0.03930260302662475,-3.515737759318751,"$16,066.40","$1,029,576",-,-,3 days,https://www.coingecko.com//en/coins/liquid-icp
Elysian Token,ELS,$0.097434211615,XRP Ledger,3.983947109647358,-5.9029069954749955,"$177,150",?,-,-,11 days,https://www.coingecko.com//en/coins/elysian-token
THX Network,THX,$0.094455681606,ethereum,0.17891302037958287,-0.7311641529118853,"$22,283.69","$9,449,177",-,-,1 day,https://www.coingecko.com//en/coins/thx-network
SOLACE,SOLACE,$0.092651204385,ethereum,0.32925807619608427,-0.4944980005204132,"$22,623.31",?,-,-,3 days,https://www.coingecko.com//en/coins/solace
Particle Technology,PART,$0.092557155822,Solana,-9.816883617247864,-54.019300081815814,"$22,636.68",?,-,-,2 days,https://www.coingecko.com//en/coins/particle-technology
Miaw,MIAW,$0.092363846768,Terra,-0.4616264944677939,1.5030460276855486,"$19,546.70","$2,777,208",-,-,9 days,https://www.coingecko.com//en/coins/miaw
Twelve Legions,CTL,$0.088162858459,Binance Smart Chain,0.1396487893387511,-18.33163437299302,"$303,310","$19,403,969",-,-,3 days,https://www.coingecko.com//en/coins/twelve-legions
DoragonLand,DOR,$0.080862600359,Binance Smart Chain,2.8639484342702026,-33.19997275494782,"$712,862","$80,862,600",-,-,8 days,https://www.coingecko.com//en/coins/doragonland
Sif,SIF,$0.076926525682,Binance Smart Chain,4.658583806464985,133.98281955854924,"$434,123","$769,265,257",-,-,1 day,https://www.coingecko.com//en/coins/sif
DopeWarz,DRUG,$0.073218214066,Binance Smart Chain,1.0707871549463632,11.509648942640458,"$275,961","$73,218,214",-,-,5 days,https://www.coingecko.com//en/coins/dopewarz
Kalissa,KALI,$0.068956856446,Binance Smart Chain,0.9310065940660677,2.707185192715681,"$6,212.33","$10,343,528",-,-,3 days,https://www.coingecko.com//en/coins/kalissa
Rizon,ATOLO,$0.063869464268,,-3.560154423079026,-21.985979939732637,"$62,611.30",?,-,-,10 days,https://www.coingecko.com//en/coins/rizon
Zomfi,ZOMFI,$0.062836095861,Binance Smart Chain,-1.68090657747513,-4.252326918329343,"$16,338.02","$32,314,629",-,-,4 days,https://www.coingecko.com//en/coins/zomfi
WingSwap,WIS,$0.062204359851,Fantom,0.12564435267043494,-7.170499055257072,"$8,204.06","$20,819,216",-,-,1 day,https://www.coingecko.com//en/coins/wingswap
Creaticles,CRE8,$0.050978234229,ethereum,-3.3814234951879887,-16.94232590235054,"$194,102","$50,978,234",-,-,9 days,https://www.coingecko.com//en/coins/creaticles
Attack Wagon,ATK,$0.049954316950,Polygon POS,0.03691796596120646,-16.426116477295384,"$1,499,481","$49,995,918",-,-,1 day,https://www.coingecko.com//en/coins/attack-wagon
BlackPoker,BPKR,$0.048763211249,Binance Smart Chain,3.501545279442706,14.969401377345854,"$35,554.96",?,-,-,5 days,https://www.coingecko.com//en/coins/blackpoker
Partneroid,PTR,$0.044424703972,Solana,-18.038160748440983,11063.218960546672,"$17,712.97","$4,442,470,397",0,-,15 hours,https://www.coingecko.com//en/coins/partneroid
Orne,ORNE,$0.040320207664,Terra,-0.21556721240168186,0.7013307739347284,"$44,846.25","$3,911,060",-,-,6 days,https://www.coingecko.com//en/coins/orne
AppleSwap,APPLE,$0.038699693131,Binance Smart Chain,1.3594265836674717,-3.396537955416233,"$10,735.07",?,-,-,11 days,https://www.coingecko.com//en/coins/appleswap
UniWorld,UNW,$0.038382183845,,-0.4767676114203047,-16.691810434445216,"$262,182","$38,493,653",-,-,3 days,https://www.coingecko.com//en/coins/uniworld
Cerberus,3DOG,$0.037458107548,ethereum,1.0593007214966228,-40.044553399005146,"$623,508","$5,077,470",-,-,11 days,https://www.coingecko.com//en/coins/cerburus
Yearnlab,YLB,$0.035608813030,Binance Smart Chain,1.2195191275504444,-6.5780047503131485,"$4,078,120","$3,567,291",-,-,21 hours,https://www.coingecko.com//en/coins/yearnlab
The Monopolist,MONO,$0.034707992279,Binance Smart Chain,-1.5766457652207035,-4.893505386853934,"$157,532","$34,721,985",-,-,7 days,https://www.coingecko.com//en/coins/the-monopolist
iUPixel,PIXEL,$0.034402864654,ethereum,1.080982671564061,1.080982671564061,"$1,328.02",?,421,0.00%,10 hours,https://www.coingecko.com//en/coins/iupixel
Synex Coin,MINECRAFT,$0.033853225828,Solana,0.1937668308840833,1.0368874791795175,"$33,136.85","$3,385,356",-,-,4 days,https://www.coingecko.com//en/coins/synex-coin
Space Dollars,SDOLLAR,$0.032549456430,Terra,0.9967326735940857,-5.5739449668166365,"$6,121.24","$496,063",-,-,10 days,https://www.coingecko.com//en/coins/space-dollars
Witnet,WIT,$0.028662258373,,0.26068673751379623,-2.6036019355511755,"$25,476.29",?,-,-,8 days,https://www.coingecko.com//en/coins/witnet
Ran x Crypto,RXC,$0.028418021386,Binance Smart Chain,0.7375320708585511,-15.538188956754464,"$10,642.06",?,-,-,11 days,https://www.coingecko.com//en/coins/ran-x-crypto
Crystal Wallet,CRT,$0.027796383213,Binance Smart Chain,-2.229358479828902,-2.2127205501281675,"$20,650.09","$27,240,456",-,-,6 days,https://www.coingecko.com//en/coins/crystal-wallet
Frosty Floki,FROSTYFLOKI,$0.027319010694,Binance Smart Chain,0.23068409733153777,-53.90212468834864,"$5,554.47",?,-,-,10 days,https://www.coingecko.com//en/coins/frosty-floki
Lord Arena,LORDA,$0.026618870411,Binance Smart Chain,0.7278683944222701,-10.368120466697416,"$165,844",?,-,-,8 days,https://www.coingecko.com//en/coins/lord-arena
Meland.ai,MELD,$0.026297964807,Binance Smart Chain,3.7822035218286856,-31.488231460717564,"$406,705","$51,107,265",-,-,2 days,https://www.coingecko.com//en/coins/meland-ai
Cryptogram,CRYPTOGRAM,$0.025758780117,Binance Smart Chain,6.669191744354612,27.907360395191454,"$1,277,168","$25,758,780",-,-,8 days,https://www.coingecko.com//en/coins/cryptogram
FuturesCash,FCT,$0.025685616209,Binance Smart Chain,-1.8011369734135572,-5.302384840755802,"$35,606.42",?,-,-,9 days,https://www.coingecko.com//en/coins/futurescash
Medping,MPG,$0.025178885624,Binance Smart Chain,0.6741108972693823,-3.637965863874759,"$2,447.83","$5,035,777",-,-,11 days,https://www.coingecko.com//en/coins/medping
InfinityCash,IFC,$0.025103938055,Binance Smart Chain,1.0578036205980021,-24.106905745816007,"$8,439.59",?,-,-,9 days,https://www.coingecko.com//en/coins/infinitycash
The Crypto You,MILK,$0.024097864390,Binance Smart Chain,-1.782332746285632,-27.208008966717184,"$1,493,114",?,-,-,2 days,https://www.coingecko.com//en/coins/the-crypto-you
Zeronauts,ZNS,$0.022098817996,Binance Smart Chain,0.82532943834146,-3.8959138865154666,$537.91,?,-,-,5 days,https://www.coingecko.com//en/coins/zeronauts
Calamari Network,KMA,$0.020320425849,,4.177548908705018,5.8143426249693935,"$1,355,284",?,-,-,11 days,https://www.coingecko.com//en/coins/calamari-network
MistSwap,MIST,$0.020238617587,,0.8083590328026413,2.447989184159201,"$226,674","$6,723,971",-,-,15 hours,https://www.coingecko.com//en/coins/mistswap
SyncDAO Governance,SDG,$0.020145713662,ethereum,1.717441683671146,-7.748643339918863,"$2,876.32","$40,291,427",-,-,9 days,https://www.coingecko.com//en/coins/syncdao-governance
Wasdaq Finance,WSDQ,$0.019516013725,Binance Smart Chain,0.4034495649407413,5.759543646033421,"$17,889.82",?,-,-,3 days,https://www.coingecko.com//en/coins/wasdaq-finance
SolarMineX,SMX,$0.019127428275,Binance Smart Chain,-0.4061209587065558,-8.312293855313053,"$12,040.39","$26,604,346",-,-,1 day,https://www.coingecko.com//en/coins/solarminex
Simpli Finance,SIMPLI,$0.018775626019,Binance Smart Chain,0.8224068523620356,-4.396054883918847,"$4,244.60","$1,877,563",-,-,3 days,https://www.coingecko.com//en/coins/simpli-finance
Supernova,SNT,$0.017078941882,Fantom,0.5813144942019749,-6.968453825638686,"$12,970.30","$1,025,860",-,-,9 days,https://www.coingecko.com//en/coins/supernova
Links,LINKS,$0.017072775629,Binance Smart Chain,0.7926865369423919,-7.006161186430751,"$49,968.17","$4,269,985",-,-,1 day,https://www.coingecko.com//en/coins/links
Outrace,ORE,$0.016536290366,Binance Smart Chain,1.3299728074433053,-2.6081726207547407,"$103,315","$16,536,290",-,-,11 days,https://www.coingecko.com//en/coins/outrace
Wizards And Dragons,GP,$0.015907281540,ethereum,2.923122235898273,54.81752827208257,"$4,800,859",?,-,-,8 days,https://www.coingecko.com//en/coins/wizards-and-dragons
HbarPad,HBARP,$0.015691544257,Binance Smart Chain,-0.14096934521262627,-3.857121409636425,"$24,415.58","$15,693,421",-,-,10 days,https://www.coingecko.com//en/coins/hbarpad
Stream Smart Business,$SSB,$0.015613177514,Binance Smart Chain,0.3893215961293254,-37.042098327755724,"$71,330.27",?,-,-,1 day,https://www.coingecko.com//en/coins/stream-smart-business
Empire Capital Token,ECC,$0.015014182434,Binance Smart Chain,1.6256711861136683,-25.04415517021802,"$183,159",?,-,-,5 days,https://www.coingecko.com//en/coins/empire-capital-token
RocketCoin,ROCKET,$0.013943184828,Binance Smart Chain,1.7812982638839137,-20.894853978472273,"$258,961","$13,901,411",-,-,9 days,https://www.coingecko.com//en/coins/rocketcoin
Smash Cash,SMASH,$0.011819501922,Binance Smart Chain,-1.5566079546806508,3.8885168044833636,"$473,990","$11,819,502",-,-,3 days,https://www.coingecko.com//en/coins/smash-cash
Juicebox,JBX,$0.010598467417,ethereum,0.8826983266481656,-12.619554503964414,"$553,247",?,-,-,9 days,https://www.coingecko.com//en/coins/juicebox
Spaceship War,SPW,$0.010531929599,Binance Smart Chain,0.3753072545880071,28.466175840353173,"$163,694","$1,053,193",-,-,9 days,https://www.coingecko.com//en/coins/spaceship-war
DoubleDice,DODI,$0.010008511974,ethereum,-14.925193520878178,-18.898172513417695,"$131,610","$100,085,120",-,-,10 days,https://www.coingecko.com//en/coins/doubledice
Moonscape,MSCP,$0.009945034693,Binance Smart Chain,0.46409084769881137,-1.03464258698466,"$1,123,175","$11,050,039",-,-,8 days,https://www.coingecko.com//en/coins/moonscape
NvirWorld,NVIR,$0.008941343261,ethereum,1.0733143924094044,-3.882147248829478,"$42,669.57","$95,672,373",-,-,21 hours,https://www.coingecko.com//en/coins/nvirworld
rASKO,RASKO,$0.008667305309,Binance Smart Chain,0.8260580024985977,-10.158712239969933,"$9,808.63","$8,667,305",-,-,11 days,https://www.coingecko.com//en/coins/rasko
Solarmine,SOLAR,$0.008375402955,Binance Smart Chain,-0.29966692850444715,-11.074427813734342,"$187,013","$837,768",-,-,4 days,https://www.coingecko.com//en/coins/solarmine
Bomberman,$BOMB,$0.008196490151,Binance Smart Chain,0.5294544513562807,-27.244840959451857,"$22,702.00",?,-,-,9 days,https://www.coingecko.com//en/coins/bomberman
RXCGames,REXC,$0.008098719564,Binance Smart Chain,-0.5260821770593764,-19.091490951901672,"$56,156.55","$809,872",-,-,11 days,https://www.coingecko.com//en/coins/rxcgames
MetaFabric,FABRIC,$0.008026746818,ethereum,5.400631846879765,-18.62430511531093,"$706,018","$8,026,747",-,-,4 days,https://www.coingecko.com//en/coins/metafabric
Million Monke,MIMO,$0.006325413868,Solana,2.8127775978139713,5.1005084002254195,"$11,761.12",?,-,-,9 days,https://www.coingecko.com//en/coins/million-monke
Xolo Metaverse,XOLO,$0.006320270904,ethereum,0.9489700609836906,-9.701189322634658,"$7,870.38","$6,320,271",-,-,11 days,https://www.coingecko.com//en/coins/xolo-metaverse
Metaverse Exchange,METACEX,$0.006061143393,ethereum,1.6716687553101381,-1.8506396022636613,"$137,352","$6,061,868",-,-,7 days,https://www.coingecko.com//en/coins/metaverse-exchange
Filipcoin,FCP,$0.005958243564,Binance Smart Chain,0.6269407292202758,-62.253115266097836,"$92,600.12","$1,000,985",-,-,1 day,https://www.coingecko.com//en/coins/filipcoin
WAMO,WAMO,$0.005827882225,Solana,0.22850203450061235,-10.239608810374918,$513.60,?,-,-,4 days,https://www.coingecko.com//en/coins/wamo
Solareum Wallet,XSB,$0.005035123625,Solana,17.347192100856528,15.636902843504155,$248.83,"$4,909,246",-,-,11 days,https://www.coingecko.com//en/coins/solareum-wallet
FlipStar,FLIP,$0.005005811499,Binance Smart Chain,0.8058504079529065,1.1434259379889202,"$5,760.90","$500,726",-,-,10 days,https://www.coingecko.com//en/coins/flipstar
Fantasy World Gold,FWG,$0.004706439945,ethereum,1.7174416836711484,7.594762656411801,"$36,686.07","$4,706,440",-,-,11 days,https://www.coingecko.com//en/coins/fantasy-world-gold
YESorNO,YON,$0.004499274715,Binance Smart Chain,-0.593671027521985,-13.869030436307947,"$128,818","$3,406,741",-,-,6 days,https://www.coingecko.com//en/coins/yesorno
Traders Global Business,TGB,$0.004349096556,Binance Smart Chain,0.7910598230689286,-5.332824272283859,"$4,321.96",?,-,-,5 days,https://www.coingecko.com//en/coins/traders-global-business
Txbit,TXBIT,$0.004295097820,Binance Smart Chain,-1.272582010792764,-25.168923737403475,"$60,241.03","$8,593,131",-,-,9 days,https://www.coingecko.com//en/coins/txbit
BUSDX,BUSDX,$0.004263968416,Binance Smart Chain,-0.0827421346242114,-8.519377526842732,"$76,200.95","$4,264,478",-,-,11 days,https://www.coingecko.com//en/coins/busdx
Drachen Lord,DRAG,$0.004110899823,Binance Smart Chain,0.9608219649187291,-32.4847058639765,"$68,156.89","$822,874",-,-,8 days,https://www.coingecko.com//en/coins/drachen-lord
Stamen Tellus Token,STT,$0.004072027358,Binance Smart Chain,0.155571266043505,10.811563105769089,"$476,331",?,-,-,8 days,https://www.coingecko.com//en/coins/stamen-tellus-token
CashCats,$CATS,$0.003873589464,,0.12467967120994838,7.387480868214778,"$103,605",?,-,-,15 hours,https://www.coingecko.com//en/coins/cashcats
Luxury Club,LUX,$0.003569705698,Binance Smart Chain,0.19099379244012282,-12.652468225152012,"$5,848.94","$892,457",-,-,3 days,https://www.coingecko.com//en/coins/luxury-club
Abura Farm,ABU,$0.003140010007,Binance Smart Chain,0.2848969691183856,-2.442852107127738,"$15,069.72","$3,141,328",-,-,3 days,https://www.coingecko.com//en/coins/abura-farm
Kaizilla,KAIZILLA,$0.002496681106,Binance Smart Chain,0.2929477156905384,-16.306792558722293,"$94,550.45",?,-,-,9 days,https://www.coingecko.com//en/coins/kaizilla
PixelSQUID,PIXELSQUID,$0.002455469208,Binance Smart Chain,-0.020356683074913395,-14.428854212503653,"$16,569.81",?,-,-,9 days,https://www.coingecko.com//en/coins/pixelsquid
Solar Full Cycle,SFC,$0.002118502746,Binance Smart Chain,0.3419096933305298,-9.140662847245892,"$12,201.72",?,-,-,6 days,https://www.coingecko.com//en/coins/solar-full-cycle
PastryPunks,PASTRYPUNKS,$0.002079335326,Binance Smart Chain,-6.463063985266454,-36.052477912653785,"$86,225.37",?,-,-,2 days,https://www.coingecko.com//en/coins/pastrypunks
Ginga Finance,GIN,$0.002009308580,Binance Smart Chain,0.15246370065728176,-18.225850550933867,"$43,057.92",?,-,-,11 days,https://www.coingecko.com//en/coins/ginga-finance
Let's Go Brandon Coin,$FJB,$0.001849253722,Binance Smart Chain,-1.206676782466473,1.9884635849082475,"$259,230","$73,970,149",-,-,2 days,https://www.coingecko.com//en/coins/lets-go-brandon-coin
Meta Billionaires Club,METABC,$0.001806051545,Binance Smart Chain,0.09405651350505868,58.06284254187034,"$140,621",?,-,-,4 days,https://www.coingecko.com//en/coins/meta-billionaires-club
Spice DAO,SPICE,$0.001703344902,ethereum,1.0171024573648522,73.32293809637653,"$56,741.83","$3,587,172",-,-,9 days,https://www.coingecko.com//en/coins/spice-dao
Retromoon,RETRO,$0.001588974515,Binance Smart Chain,0.8666709863467188,-8.865254046864731,"$36,047.67","$1,587,939",-,-,10 days,https://www.coingecko.com//en/coins/retromoon
Wodex,WMT,$0.001556822215,Binance Smart Chain,0.7926865369423971,-5.390969132696983,"$3,871.23","$1,557,212",-,-,2 days,https://www.coingecko.com//en/coins/wodex
RoArts,ROAR,$0.001531936756,Binance Smart Chain,0.8801410142418747,1.6758329232685751,"$3,808.59","$153,194",-,-,4 days,https://www.coingecko.com//en/coins/roarts
Andromeda,M31,$0.001488666038,Binance Smart Chain,0.8056735207743974,-3.2828061235378314,"$10,543.47","$148,910",-,-,7 days,https://www.coingecko.com//en/coins/andromeda
Lady Uni,LUNI,$0.001375270075,Binance Smart Chain,-0.36301875472613016,-27.454140828809543,"$105,844","$1,375,813",-,-,3 days,https://www.coingecko.com//en/coins/lady-uni
Strong Inu,SINU,$0.001343114565,ethereum,1.7174416836711597,77.27263837398598,"$92,224.44",?,-,-,10 days,https://www.coingecko.com//en/coins/strong-inu
Xolo Inu,XL,$0.001217090684,Binance Smart Chain,4.3765161802025,-19.394576573972426,"$318,169",?,-,-,7 days,https://www.coingecko.com//en/coins/xolo-inu
Evolution Token,EVO,$0.000951415449,Binance Smart Chain,0.8437977995422745,-7.039914641243204,"$8,152.24","$951,415",-,-,9 days,https://www.coingecko.com//en/coins/evolution-token
Solabrador,SOLAB,$0.000693479670,Solana,-4.4324041545092525,-5.2074078909041805,"$16,491.34","$899,470",-,-,10 days,https://www.coingecko.com//en/coins/solabrador
WhaleGirl,WGIRL,$0.000620219644,Binance Smart Chain,1.4367109947105277,-60.88258328573457,"$500,679","$620,220",-,-,18 hours,https://www.coingecko.com//en/coins/whalegirl
Vival,VVL,$0.000491937920,Binance Smart Chain,0.8932991705813197,-9.29970264526163,$167.63,"$1,235.13",-,-,11 days,https://www.coingecko.com//en/coins/vival
Farm Planet,FPL,$0.000469703050,Binance Smart Chain,5.09231878706635,-11.161788736729925,"$744,141","$4,697,030",-,-,10 days,https://www.coingecko.com//en/coins/farm-planet
FUMoney,FUM,$0.000459754889,Solana,0.12534339695997124,-0.6124980683766309,$865.77,"$4,597,549",-,-,10 days,https://www.coingecko.com//en/coins/fumoney
LIT,LIT,$0.000430702416,ethereum,1.621243176889724,0.15354301619422384,"$1,535,683",?,-,-,1 day,https://www.coingecko.com//en/coins/lit
Crypto Mushroomz,SHROOMZ,$0.000394461632,Solana,-0.8145819148253751,107.15257649665668,"$2,397.39","$199,040",-,-,11 days,https://www.coingecko.com//en/coins/crypto-mushroomz
Magic Forest,MAGF,$0.000377062432,Binance Smart Chain,0.9047212453738449,-13.587419323959923,"$3,951.24","$377,075",-,-,2 days,https://www.coingecko.com//en/coins/magic-forest
ShibaPad,SBP,$0.000375541352,Binance Smart Chain,-4.215306793236076,-18.503217682855798,"$16,470.55",?,-,-,11 days,https://www.coingecko.com//en/coins/shibapad
Devia8,DEVIA8,$0.000372868447,Binance Smart Chain,0.8027515045526392,-9.348943448064016,"$10,741.84","$372,954",-,-,8 days,https://www.coingecko.com//en/coins/devia8
Tarality,TARAL,$0.000293995811,Binance Smart Chain,0.9873422420039791,-14.709215602279698,"$527,074","$282,235,978,263",3574,0.03%,15 hours,https://www.coingecko.com//en/coins/tarality
Polkago,$PLKG,$0.000288477835,Binance Smart Chain,0.7236732979377172,-6.070056026143576,"$2,462.39",?,-,-,6 days,https://www.coingecko.com//en/coins/polkago
TrueBurn,TRUE,$0.000286970241,Binance Smart Chain,0.8233701885774847,-12.175289877165826,"$5,135.25",?,-,-,11 days,https://www.coingecko.com//en/coins/trueburn
SQUID Finance,SQUID,$0.000278331572,Binance Smart Chain,3.282943833390859,-5.42847146568531,"$18,537.21",?,-,-,4 days,https://www.coingecko.com//en/coins/squid-finance
Haino,HE,$0.000259009291,Binance Smart Chain,0.7252462524946903,-9.660827302897351,"$10,449.19",?,-,-,2 days,https://www.coingecko.com//en/coins/haino
WormFi,WORM,$0.000240732963,Binance Smart Chain,-3.6720735439060377,-47.271326985291815,"$210,316","$241,583",-,-,15 hours,https://www.coingecko.com//en/coins/wormfi
WAGMI On Solana,WAGMI,$0.000227772901,Solana,-0.7295832749143434,-12.182722326043557,"$2,446.66",?,-,-,9 days,https://www.coingecko.com//en/coins/wagmi-on-solana
CatWoman,CW,$0.000198657547,Binance Smart Chain,2.68950474238894,-3.176746715644327,"$117,402",?,-,-,3 days,https://www.coingecko.com//en/coins/catwoman
OOOOR Finance,OOOOR,$0.000174089078,ethereum,?,14.201668622905492,"$13,670.09",?,-,-,8 days,https://www.coingecko.com//en/coins/oooor-finance
Doxxed Santa,DXSANTA,$0.000171560282,Binance Smart Chain,-0.3683762931698273,-7.1110602665473515,"$2,430.98",?,-,-,9 days,https://www.coingecko.com//en/coins/doxxed-santa
JeToken,JETS,$0.000156698105,Binance Smart Chain,0.29362900201189673,-16.795524129183686,"$37,618.81","$15,674,340",-,-,9 days,https://www.coingecko.com//en/coins/jetoken
Charm,CHARM,$0.000134622509,Fantom,3.4207016672762167,-32.795429990519196,"$2,599,710","$28,251,322",-,-,6 days,https://www.coingecko.com//en/coins/charm
King Samo,KSAMO,$0.000134615345,Solana,0.11281274776601749,18.3686091236373,$299.96,"$2,688,725",-,-,4 days,https://www.coingecko.com//en/coins/king-samo
Metaverse Doge,$MVDOGE,$0.000127239321,Binance Smart Chain,0.8813062292869047,-35.738057995216295,"$7,487.21",?,-,-,10 days,https://www.coingecko.com//en/coins/metaverse-doge
SuperBrain Capital Dao,$SBC,$0.000126952710,ethereum,6.195307616497009,-43.72660750825923,"$1,224,062","$12,695,271",-,-,4 days,https://www.coingecko.com//en/coins/superbrain-capital-dao
SuperMegaHyperDoge,SMHDOGE,$0.000125745003,ethereum,1.8079203715809085,-9.412375328903755,"$21,387.31",?,-,-,5 days,https://www.coingecko.com//en/coins/supermegahyperdoge
Guzzler,GZLR,$0.000121409867,ethereum,1.5698532851525573,23.74617530244833,"$402,344","$12,140,987",-,-,11 days,https://www.coingecko.com//en/coins/guzzler
Cryptotem,TOTEM,$0.000119849786,Binance Smart Chain,1.5918491046699172,-8.591712114029521,"$11,774.23","$1,197,700",-,-,2 days,https://www.coingecko.com//en/coins/cryptotem
Luni,LUNI,$0.000117169177,Terra,4.978091179729544,-3.0370643377199547,"$16,606.05","$1,171,692",-,-,10 days,https://www.coingecko.com//en/coins/luni
Baby Ripple,BABYXRP,$0.000112859933,Binance Smart Chain,-1.745525889915636,-6.557650709245036,"$16,885.57",?,-,-,9 days,https://www.coingecko.com//en/coins/baby-ripple
Return of The King,ROK,$0.000102636516,ethereum,2.193759531663684,-7.366560543577649,"$1,754.40",?,-,-,8 days,https://www.coingecko.com//en/coins/return-of-the-king
Cerveza,CVZA,$0.000098842021,Tezos,1.2128080545701405,-6.273744017495934,$4.64,"$98,921.72",-,-,11 days,https://www.coingecko.com//en/coins/cerveza
NFTOPIA,NFTOPIA,$0.000085635875,Binance Smart Chain,0.45544333049243374,-4.447615797344586,$266.34,"$85,635.88",-,-,9 days,https://www.coingecko.com//en/coins/nftopia
StraitsX Indonesia Rupiah,XIDR,$0.000069763681,ethereum,0.2568031825181631,0.18088428024522316,"$712,179","$4,210,587",-,-,9 days,https://www.coingecko.com//en/coins/straitsx-indonesia-rupiah
Toshinori Inu,TOSHINORI,$0.000068792730,Binance Smart Chain,0.7701563887517823,-6.853903307116757,"$4,617.43",?,-,-,9 days,https://www.coingecko.com//en/coins/toshinori-inu
Metaverse Face,MEFA,$0.000067979548,Binance Smart Chain,-12.137279641633864,-54.81622203468414,"$265,507","$665,492",-,-,16 hours,https://www.coingecko.com//en/coins/metaverse-face
Solidray Finance,SRT,$0.000063530933,Binance Smart Chain,0.7453140647769133,-5.077495675009583,"$15,028.80",?,-,-,8 days,https://www.coingecko.com//en/coins/solidray-finance
MiniX,MNX,$0.000061022492,Binance Smart Chain,0.6157052197846086,-6.645333254713659,"$17,509.04","$610,481",-,-,1 day,https://www.coingecko.com//en/coins/minix
SPIN,SPIN,$0.000058296767,Binance Smart Chain,0.46685106149645783,-13.054757580095327,"$9,812.04",?,-,-,10 days,https://www.coingecko.com//en/coins/spin
UPFUND,UPT,$0.000052770942,Binance Smart Chain,-0.4447729451365985,-9.09033077837627,"$4,937.93",?,-,-,4 days,https://www.coingecko.com//en/coins/upfund
Bit Rides,RIDES,$0.000042453024,Binance Smart Chain,0.689419823764408,-19.29513328348276,"$23,441.12","$424,530",-,-,3 days,https://www.coingecko.com//en/coins/bit-rides
All Coins Yield Capital,ACYC,$0.000034340310,ethereum,-3.4477855839488534,-20.62729625971494,"$1,100,506",?,-,-,9 days,https://www.coingecko.com//en/coins/all-coins-yield-capital
EGOH Finance,EGOH,$0.000028180632,Binance Smart Chain,0.04787183952770592,-6.801261078193378,"$12,647.83",?,-,-,11 days,https://www.coingecko.com//en/coins/egoh-finance
Essence of Creation,EOC,$0.000027104443,Polygon POS,0.7298430709881846,4.881942291339785,"$134,511","$2,712,473",1762,0.06%,13 hours,https://www.coingecko.com//en/coins/essence-of-creation
Doge Raca,DOCA,$0.000025110693,Binance Smart Chain,1.4136163135550166,-9.81414719520296,"$34,109.38","$25,110,693",-,-,8 days,https://www.coingecko.com//en/coins/doge-raca
Keeshond,$KSH,$0.000024843169,Solana,0.301598971591513,-52.193623417435234,"$88,372.20","$223,722",-,-,1 day,https://www.coingecko.com//en/coins/keeshond
ElonFlokiInu,EFLOKI,$0.000024389565,Binance Smart Chain,0.7082788378120195,-37.628047600566596,"$76,518.22",?,-,-,9 days,https://www.coingecko.com//en/coins/elonflokiinu
SafeWhale,SWHAL,$0.000022416434,Binance Smart Chain,-1.4453761980284012,-15.393637868316645,"$13,450.42",?,-,-,10 days,https://www.coingecko.com//en/coins/safewhale
Multiverse Capital,MVC,$0.000022033489,Binance Smart Chain,2.9500042102380495,-19.320327699090818,"$215,185",?,-,-,8 days,https://www.coingecko.com//en/coins/multiverse-capital
NFTinder,NFTNDR,$0.000019241941,Binance Smart Chain,-0.15138319856677607,-10.713661729034312,"$20,849.10","$3,848,849",-,-,7 days,https://www.coingecko.com//en/coins/nftinder
ShibaGalaxy,SHIBGX,$0.000016649046,Binance Smart Chain,1.6409712224471598,-7.29580451204203,"$23,342.17",?,-,-,4 days,https://www.coingecko.com//en/coins/shibagalaxy
RobinHoodProtocol,XRHP,$0.000015457611,Binance Smart Chain,1.5596652120449968,-7.232348355438845,"$12,283.16","$1,545,761",-,-,11 days,https://www.coingecko.com//en/coins/robinhoodprotocol
MetaGaming,MTGM,$0.000014893272,Binance Smart Chain,0.9565614243531716,11.271999576675752,"$12,138.49","$1,489,327",-,-,7 days,https://www.coingecko.com//en/coins/metagaming
Simp,SIMP,$0.000014514496,Binance Smart Chain,19.437526668385225,8.593869924447583,"$95,998.16",?,-,-,10 days,https://www.coingecko.com//en/coins/simp
Dogelana,DLANA,$0.000011543982,Solana,-7.3580186992114465,-35.187480893979824,"$7,061.38",?,-,-,8 days,https://www.coingecko.com//en/coins/dogelana
Meta Monstas,MONSTA,$0.000009027733,Binance Smart Chain,2.7895914101881,-26.56845083072209,"$107,427","$899,358",-,-,1 day,https://www.coingecko.com//en/coins/meta-monstas
Big Brain Capital DAO,BBC DAO,$0.000008224075,ethereum,-7.570294615458257,-27.338183927496278,"$589,368","$8,224,075",-,-,9 days,https://www.coingecko.com//en/coins/big-brain-capital-dao
Atrollcity,PINE,$0.000007644843,Binance Smart Chain,0.8260580024986172,-18.989748784351907,"$17,646.19",?,-,-,4 days,https://www.coingecko.com//en/coins/atrollcity
Mew Inu,MEW,$0.000007040261,ethereum,-12.186423999102223,-48.26916198472053,"$37,595.77",?,-,-,1 day,https://www.coingecko.com//en/coins/mew-inu
DogeVille,DVILLE,$0.000006731650,Binance Smart Chain,0.7895880382177561,-7.055899555891687,"$8,756.56",?,-,-,11 days,https://www.coingecko.com//en/coins/dogeville
Foxboy,FBB,$0.000006528641,Binance Smart Chain,1.0525831541919815,-10.479559975530375,"$12,290.64",?,-,-,9 days,https://www.coingecko.com//en/coins/foxboy
SuperBNB.Finance,SPB,$0.000005871950,Binance Smart Chain,-4.97390449330253,-8.26801505542843,"$59,749.54",?,814,0.87%,10 hours,https://www.coingecko.com//en/coins/superbnb-finance
Grand Exchange,GP,$0.000005354779,Binance Smart Chain,0.8027515045536978,-0.2941665378148987,$427.59,?,-,-,10 days,https://www.coingecko.com//en/coins/grand-exchange
Burnt Cake,BCAKE,$0.000004446400,Binance Smart Chain,0.16274507885023964,-5.561359166141834,"$1,235.17",?,-,-,11 days,https://www.coingecko.com//en/coins/burnt-cake
MAGIC BNB,MBNB,$0.000004230824,Binance Smart Chain,1.3866801681755385,-12.061686886346216,"$90,424.83",?,-,-,5 days,https://www.coingecko.com//en/coins/magic-bnb
Shilly Bar,SHBAR,$0.000004110191,Binance Smart Chain,0.31700211707315346,8.07509404499656,"$51,436.42",?,-,-,11 days,https://www.coingecko.com//en/coins/shilly-bar
ConeGame,CONEGAME,$0.000003607880,Binance Smart Chain,0.8769416048848266,-8.103239743930251,"$5,889.91","$3,607,880,146,658",-,-,3 days,https://www.coingecko.com//en/coins/conegame
Pizza NFT,$PIZZA,$0.000003594199,Binance Smart Chain,0.3319100723453971,1.6149839140118312,"$92,334.06","$539,253",-,-,18 hours,https://www.coingecko.com//en/coins/pizza-nft
Capital Aggregator Token,CAT,$0.000003296430,ethereum,5.111350530689057,-20.030006955457488,"$166,364","$3,296,430",-,-,11 days,https://www.coingecko.com//en/coins/capital-aggregator-token
Christmas BNB,XMASBNB,$0.000002782875,Binance Smart Chain,8.398961793171743,-29.561762694949778,"$86,065.00","$473,197",-,-,3 days,https://www.coingecko.com//en/coins/christmas-bnb
No Bull,NB,$0.000002755650,ethereum,1.7174416836711535,-1.6229014965617634,"$19,507.69","$2,755,650",-,-,18 hours,https://www.coingecko.com//en/coins/no-bull
AggregatedFinance,AGFI,$0.000002661198,ethereum,3.2721922241042227,13.093723314199925,"$167,606","$2,661,198",-,-,10 days,https://www.coingecko.com//en/coins/aggregatedfinance
LittleGhosts Ectoplasm,ECTO,$0.000002364885,Binance Smart Chain,?,-1.659370292549904,"$1,055.09",?,-,-,1 day,https://www.coingecko.com//en/coins/littleghosts-ectoplasm
BabyFrog,BABYFROG,$0.000002281187,Binance Smart Chain,0.9774727271389363,-16.864558640553557,"$18,626.15","$228,119",-,-,3 days,https://www.coingecko.com//en/coins/babyfrog
Income Island,INCOME,$0.000002041525,Binance Smart Chain,0.9816119528132602,2.025463402296135,"$2,081.61","$2,041,525",-,-,9 days,https://www.coingecko.com//en/coins/income-island
RatRace,RATRACE,$0.000001863969,ethereum,1.0340790289761235,-28.16133181356106,"$521,679","$1,863,969",-,-,23 hours,https://www.coingecko.com//en/coins/ratrace
Ohm Inu DAO,AVOHMINU,$0.000001410484,Avalanche,1.778255797518355,-9.913799001882886,"$2,045.30","$705,242",-,-,8 days,https://www.coingecko.com//en/coins/ohm-inu-dao
Let's Go Farming,LGF,$0.000001380712,ethereum,0.826933205639506,-30.08924822910503,"$22,782.68","$1,380,712",-,-,1 day,https://www.coingecko.com//en/coins/lets-go-farming
PolyFLOKI,POKI,$0.000001351384,Binance Smart Chain,-6.944337093351035,-39.23124071326324,"$321,506","$1,351,384",1037,-0.48%,15 hours,https://www.coingecko.com//en/coins/polyfloki
WAGMI Game,WAGMI,$0.000001292216,ethereum,-4.239689993841244,-23.016485745042996,"$47,995.72","$1,292,216",-,-,8 days,https://www.coingecko.com//en/coins/wagmi-game
AstroDonkey,DKNY,$0.000001214788,Binance Smart Chain,0.7436881154575115,-7.163135262723247,"$5,219.31",?,-,-,3 days,https://www.coingecko.com//en/coins/astrodonkey
Party Hat,PHAT,$0.000001203251,Harmony Shard 0,0.7723183163411104,-5.091918857332098,"$27,972,243","$120,208",-,-,9 days,https://www.coingecko.com//en/coins/party-hat
Shinomics,SHIN,$0.000000949154,Binance Smart Chain,-1.4566844358175126,15.399933801695337,"$13,846.52",?,-,-,6 days,https://www.coingecko.com//en/coins/shinomics
AngryFloki,$AFLOKI,$0.000000864713,Binance Smart Chain,1.8530945298033397,-24.522952377947348,"$124,768","$864,713",-,-,8 days,https://www.coingecko.com//en/coins/angryfloki
WETA VR,WETA,$0.000000851474,Binance Smart Chain,0.8685198304059376,-8.14719311240797,"$3,797.57",?,-,-,10 days,https://www.coingecko.com//en/coins/weta-vr
Alpha Brain Capital,ABC,$0.000000624498,ethereum,9.790379879022963,-47.58381229968383,"$213,134","$624,498",-,-,1 day,https://www.coingecko.com//en/coins/alpha-brain-capital
Hayfever,HAY,$0.000000563992,ethereum,1.7808564262329358,-21.028836603769264,"$19,181.72",?,-,-,9 days,https://www.coingecko.com//en/coins/hayfever
AscensionArcade,AAT,$0.000000547816,Binance Smart Chain,0.6758584708656606,-6.286284566184996,"$4,548.03",?,-,-,11 days,https://www.coingecko.com//en/coins/ascensionarcade
Shibana,BANA,$0.000000530928,Solana,-0.1767420298363957,-13.976047138010536,"$2,905.95","$530,928",-,-,4 days,https://www.coingecko.com//en/coins/shibana
Dice Inu,DICE,$0.000000487004,Binance Smart Chain,0.803714652965505,-10.963719699831683,"$1,907.41","$49,198.65",-,-,10 days,https://www.coingecko.com//en/coins/dice-inu
ElonsPets,ELP,$0.000000468274,ethereum,-5.153326387623926,-29.68949924681203,"$30,220.98","$468,274",-,-,10 days,https://www.coingecko.com//en/coins/elonspets
DiamondShiba,DS$,$0.000000456066,Binance Smart Chain,0.8240987385770899,-7.17520456324298,$695.05,"$45,606.62",-,-,8 days,https://www.coingecko.com//en/coins/diamondshiba
Ask Me Anything,AMA,$0.000000403638,ethereum,1.8277198358059192,-12.23784071310458,"$637,617",?,-,-,16 hours,https://www.coingecko.com//en/coins/ask-me-anything
Vari-Stable Capital,VSC,$0.000000387910,ethereum,1.8181321369077925,-6.038667557429219,$611.42,"$387,910",-,-,11 days,https://www.coingecko.com//en/coins/vari-stable-capital
TTOKEN,TTOKEN,$0.000000227285,Binance Smart Chain,0.5223984111012382,-8.44371248581795,$519.72,?,-,-,10 days,https://www.coingecko.com//en/coins/ttoken
On Chain Capital,OCC,$0.000000182681,ethereum,-7.760439483616582,24.648622342860108,"$118,020","$182,681",-,-,1 day,https://www.coingecko.com//en/coins/on-chain-capital
WallStreetNinja,WSN,$0.000000092707,Binance Smart Chain,0.3479258385267062,-6.5143866566828565,"$1,567,329","$91,827,170",-,-,1 day,https://www.coingecko.com//en/coins/wallstreetninja
Defender of Doge,DOD,$0.000000070128,Binance Smart Chain,-0.30301349918319914,-12.631938111341897,"$16,758.14",?,-,-,6 days,https://www.coingecko.com//en/coins/defender-of-doge
Fetch Inu,FINU,$0.000000055901,ethereum,0.8594778605747441,-53.2114650347339,"$121,278",?,-,-,1 day,https://www.coingecko.com//en/coins/fetch-inu
PumpETH,PETH,$0.000000054912,Binance Smart Chain,12.858303260268752,10474.6653523686,"$101,149",?,-,-,9 days,https://www.coingecko.com//en/coins/pumpeth
MiniBTC,MINIBTC,$0.000000048194,Binance Smart Chain,0.8218304761664781,8.132657848453553,"$63,190.95",?,8473,0.05%,14 hours,https://www.coingecko.com//en/coins/minibtc
Slushie Capital,SLUSH,$0.000000047721,Avalanche,1.904958932555519,-3.585303220156256,$294.86,"$47,252.21",-,-,9 days,https://www.coingecko.com//en/coins/slushie-capital
Creator Protocol,CRE,$0.000000038850,Binance Smart Chain,-0.8016196861662457,-6.023444572060788,"$2,513.53","$7,773,236",-,-,9 days,https://www.coingecko.com//en/coins/creator-protocol
Council of Apes,COAPE,$0.000000033902,Binance Smart Chain,1.3216129433432267,-7.632622713746312,"$72,882.40","$33,911,007",-,-,16 hours,https://www.coingecko.com//en/coins/council-of-apes
Big Fund Capital DAO,BFC,$0.000000032831,Avalanche,1.528488482144332,-8.522525843342276,$585.54,"$32,831.48",-,-,8 days,https://www.coingecko.com//en/coins/big-fund-capital-dao
TravGoPV,TPV,$0.000000023807,Binance Smart Chain,1.5672642341023075,-4.802412730035006,"$40,740.72","$2,380,702",-,-,4 days,https://www.coingecko.com//en/coins/travgopv
Coxswap,COX,$0.000000023432,Binance Smart Chain,0.642822800664929,-0.6427769729166267,"$299,241","$2,343,202",-,-,7 days,https://www.coingecko.com//en/coins/coxswap
4JNET,4JNET,$0.000000019732,Binance Smart Chain,6.696344829811284,-21.109982957974534,"$1,793,380","$19,620,992",-,-,8 days,https://www.coingecko.com//en/coins/4jnet
Rocky Inu,ROCKY,$0.000000016334,Binance Smart Chain,0.7508806763580073,-4.616112514017943,"$21,114.02","$16,357,744",-,-,10 days,https://www.coingecko.com//en/coins/rocky-inu
Howlx,HWXT,$0.000000010487,Binance Smart Chain,-4.8950636183428164,114.88534118010858,"$180,027","$1,048,738",-,-,21 hours,https://www.coingecko.com//en/coins/howlx
Floshin,FLOSHIN,$0.000000009016,Binance Smart Chain,1.6014070218543124,-32.326245542657865,"$194,949","$9,015,624",-,-,4 days,https://www.coingecko.com//en/coins/floshin
MetaShiba BSC,METASHIBA,$0.000000007351,Binance Smart Chain,0.825462848716756,-3.102166136616476,$320.56,?,-,-,10 days,https://www.coingecko.com//en/coins/metashiba-bsc
Kounotori,KTO,$0.000000006397,ethereum,1.7174416836711424,-6.251123044464232,"$467,547",?,-,-,4 days,https://www.coingecko.com//en/coins/kounotori
DOGEDI,DOGEDI,$0.000000005925,Binance Smart Chain,0.07351707533470613,-5.2704981181587005,"$1,275,085","$5,835,343",-,-,1 day,https://www.coingecko.com//en/coins/dogedi
Rematic EGC,RMTX,$0.000000005758,Binance Smart Chain,2.6543154047765127,-0.9870784181077582,"$109,301","$5,747,148",-,-,4 days,https://www.coingecko.com//en/coins/rematic-egc
Dart Inu,DART,$0.000000005650,Binance Smart Chain,0.24129243540855339,-13.042753648306324,"$3,767.22","$565,262",-,-,11 days,https://www.coingecko.com//en/coins/dart-inu
MetaMatrix,MTX,$0.000000004923,Binance Smart Chain,-4.414457887062202,68.93844962601753,"$2,205,710","$4,922,904",-,-,1 day,https://www.coingecko.com//en/coins/metamatrix
LittleBabyDoge,LBD,$0.000000004420,Binance Smart Chain,0.9501522138006044,-16.060103816526883,"$102,061","$4,409,903",-,-,10 days,https://www.coingecko.com//en/coins/littlebabydoge
Glow,GLOW,$0.000000003730,Binance Smart Chain,0.7762470576987616,-5.7018200184486245,"$48,840.08","$3,730,479",-,-,1 day,https://www.coingecko.com//en/coins/glow
Meta Musk,META,$0.000000003402,Binance Smart Chain,-9.385897840773309,-32.77317935418913,"$182,921",?,-,-,10 days,https://www.coingecko.com//en/coins/meta-musk
Yooshiba Inu,YSHIBAINU,$0.000000003003,Binance Smart Chain,1.5001830174964708,1.4012799557108095,"$73,602.04","$3,003,067",-,-,7 days,https://www.coingecko.com//en/coins/yooshiba-inu
Chicken Zilla,CHKN,$0.000000002854,Binance Smart Chain,-1.2727940412468963,-54.75269255160132,"$40,084.76",?,-,-,10 days,https://www.coingecko.com//en/coins/chicken-zilla
HODL Vault,HVLT,$0.000000002672,Binance Smart Chain,-8.153021815142775,-33.11186463466201,"$110,323","$2,671,783",-,-,2 days,https://www.coingecko.com//en/coins/hodl-vault
Doge Rise Up,DOGERISEUP,$0.000000002579,Binance Smart Chain,0.8249340901876981,3.7536244494391102,"$1,064,919",?,-,-,6 days,https://www.coingecko.com//en/coins/doge-rise-up
SafePlus,$SPLUS,$0.000000002529,Binance Smart Chain,1.4876274881381928,-5.694751388633422,"$23,311.11",?,-,-,2 days,https://www.coingecko.com//en/coins/safeplus
Metagalaxy Land,MEGALAND,$0.000000002373,Binance Smart Chain,0.8457232918182668,-4.4044534477297965,"$376,847","$3,259,370",-,-,11 days,https://www.coingecko.com//en/coins/metagalaxy-land
Xeebster,XEEB,$0.000000002240,Binance Smart Chain,1.0252771174696034,-9.68465166647922,"$29,424.17","$2,236,632",-,-,8 days,https://www.coingecko.com//en/coins/xeebster
Shiba Games,SHIBAGAMES,$0.000000001717,Binance Smart Chain,1.1137516052967495,-4.770457409777558,"$3,152.08",?,-,-,9 days,https://www.coingecko.com//en/coins/shiba-games
Sriracha Inu,SRIRACHA,$0.000000001619,Binance Smart Chain,0.7513633823244351,-0.7241127123350626,"$10,167.75",?,-,-,9 days,https://www.coingecko.com//en/coins/sriracha-inu
Babywakandainu,BABYWKD,$0.000000001601,Binance Smart Chain,-0.7784055417015033,-6.73279996278004,"$239,876",?,-,-,11 days,https://www.coingecko.com//en/coins/babywakandainu
MoonWay,MOONWAY,$0.000000001507,Binance Smart Chain,5.979068362034181,-9.75360678072357,"$7,510.81",?,-,-,9 days,https://www.coingecko.com//en/coins/moonway
VIP Token,VIP,$0.000000001470,Binance Smart Chain,0.8262349254464695,-3.217212552000945,$613.68,"$1,469,716",-,-,11 days,https://www.coingecko.com//en/coins/vip-token
MetaSafeMoon,METASFM,$0.000000001408,Binance Smart Chain,1.8659865314001223,-3.8838340692217463,"$152,351",?,-,-,4 days,https://www.coingecko.com//en/coins/metasafemoon
WEN LAMBO,LAMBO,$0.000000001328,ethereum,?,-1.3738983192745882,$0.000000000000,?,-,-,1 day,https://www.coingecko.com//en/coins/wen-lambo
Ajeverse,AJE,$0.000000001249,Binance Smart Chain,1.4085124815395837,-16.05998732458343,"$51,520.12","$1,249,798",-,-,3 days,https://www.coingecko.com//en/coins/ajeverse
First Eleven,F11,$0.000000001178,ethereum,3.0633159789036752,-14.159505153967192,"$112,155","$2,356,905",-,-,2 days,https://www.coingecko.com//en/coins/first-eleven
Blue Gold,BLG,$0.000000001158,Binance Smart Chain,-0.4078603389419109,-50.596330544718256,"$197,471","$1,158,303",-,-,3 days,https://www.coingecko.com//en/coins/blue-gold
Micro Santa Coin,MICROSANTA,$0.000000001146,Binance Smart Chain,1.7160011080523778,-0.7465769880223619,"$270,793","$1,146,093",1446,1.05%,15 hours,https://www.coingecko.com//en/coins/micro-santa-coin
MandoX,MANDOX,$0.000000000804,ethereum,3.2173209638905993,12.72459913540004,"$326,479","$40,211,242",-,-,11 days,https://www.coingecko.com//en/coins/mandox
Studio Shibli,SHIBLI,$0.000000000591,ethereum,0.8593008792944526,-24.362419503672285,"$26,503.43",?,-,-,8 days,https://www.coingecko.com//en/coins/studio-shibli
Rocket Zilla,ROZ,$0.000000000541,Binance Smart Chain,0.8296792916383484,-3.5498140792925876,$307.48,?,-,-,10 days,https://www.coingecko.com//en/coins/rocket-zilla
AvaPay,AVAPAY,$0.000000000334,Avalanche,1.142225759100459,-30.070331819956664,"$22,969.13","$334,080",-,-,7 days,https://www.coingecko.com//en/coins/avapay
Kiradoge,KIRADOGE,$0.000000000298,Binance Smart Chain,0.8027515045526438,-3.027818201994236,"$1,368.44",?,-,-,8 days,https://www.coingecko.com//en/coins/kiradoge
PowerZilla,POWERZILLA,$0.000000000185,Binance Smart Chain,0.8224068523620494,-7.737211894561858,"$2,566.08",?,-,-,10 days,https://www.coingecko.com//en/coins/powerzilla
Yoi Shiba Inu,YOSI,$0.000000000174,Binance Smart Chain,0.8175349753400066,6.359269454605024,$838.76,?,-,-,2 days,https://www.coingecko.com//en/coins/yoi-shiba-inu
ToxicGameNft,TXC,$0.000000000136,Binance Smart Chain,0.7584717487798718,-7.667272968909112,"$1,416.64",?,-,-,11 days,https://www.coingecko.com//en/coins/toxicgamenft
Shiba Dragon,SHIBAD,$0.000000000116,Binance Smart Chain,0.2892237500467172,-4.887127056197313,"$3,503.31",?,-,-,9 days,https://www.coingecko.com//en/coins/shiba-dragon
Aurora token,AURORA,$0.000000000116,Binance Smart Chain,1.318169252894899,-2.7861030037430226,"$8,637.40",?,-,-,6 days,https://www.coingecko.com//en/coins/aurora-token
Punk Shiba,PUNKS,$0.000000000106,Binance Smart Chain,0.16092075155527089,-3.2487207650870995,$253.10,?,-,-,10 days,https://www.coingecko.com//en/coins/punk-shiba
ImpactXP,IMPACTXP,$0.000000000059,ethereum,-1.874491784783705,24.078104393401585,"$736,391",?,-,-,9 days,https://www.coingecko.com//en/coins/impactxp
Talkado,TALK,$0.000000000047,Binance Smart Chain,14.246240607052279,-36.94794078729329,"$155,668","$4,664,349",-,-,11 days,https://www.coingecko.com//en/coins/talkado
Hodl ETH,HETH,$0.000000000044,Binance Smart Chain,0.8316386640039364,-9.111276775370088,"$1,081.95",?,-,-,9 days,https://www.coingecko.com//en/coins/hodl-eth
MetaZoon Token,MEZ,$0.000000000030,Binance Smart Chain,1.5417253042428771,-24.761027273907448,"$109,443",?,-,-,17 hours,https://www.coingecko.com//en/coins/metazoon-token
Naraka,NT,$0.000000000028,ethereum,3.106654767202267,-45.7892081003065,"$164,736",?,-,-,9 days,https://www.coingecko.com//en/coins/naraka
GamingShiba,GAMINGSHIBA,$0.000000000019,Binance Smart Chain,0.8371510414064117,-11.968606213955777,"$29,795.07",?,-,-,8 days,https://www.coingecko.com//en/coins/gamingshiba
Ava MIM,AVAMIM,$0.000000000015,Avalanche,1.8836815404545921,-25.083593635324736,$698.62,"$14,695.59",-,-,4 days,https://www.coingecko.com//en/coins/ava-mim
Metagochi,MGCHI,$0.000000000007,ethereum,4.600679186860749,4.600679186860749,"$4,129,749","$6,805,760",1587,2.52%,1 hour,https://www.coingecko.com//en/coins/metagochi
FireFlame Inu,FIRE,$0.000000000002,Binance Smart Chain,0.743286285298948,-8.992438722377011,"$26,098.47",?,-,-,8 days,https://www.coingecko.com//en/coins/fireflame-inu
Rammus,RAMMUS,$0.000000000000,ethereum,0.9531081182888566,14.946313462479496,"$4,406.36","$70,739.07",-,-,9 days,https://www.coingecko.com//en/coins/rammus
Son of Doge,SOD,$0.000000000000,Binance Smart Chain,14.625029374615838,1.3606427801256136,"$1,868,724","$7,773,579",-,-,4 days,https://www.coingecko.com//en/coins/son-of-doge
Angel Inu,ANGEL,$0.000000000000,ethereum,0.393766355591577,-10.807424485009495,"$6,825.58","$285,904",-,-,10 days,https://www.coingecko.com//en/coins/angel-inu
Planet Inu,PLANETINU,$0.000000000000,ethereum,0.8816776528642597,-8.901770284410029,"$10,089.76","$199,453",-,-,10 days,https://www.coingecko.com//en/coins/planet-inu
